<ImportExportXml xmlns:xsi="http://www.w3.org/2001/XMLSchema-instance">
  <Entities></Entities>
  <Roles></Roles>
  <Workflows>
    <Workflow WorkflowId="{667bf02b-86be-ed11-83ff-000d3a886bd5}" Name="Fluxo_Obter_nome_e_ícone_de_uma_empresa">
      <JsonFileName>/Workflows/Fluxo_Obter_nome_e_cone_de_uma_empresa-667BF02B-86BE-ED11-83FF-000D3A886BD5.json</JsonFileName>
      <Type>1</Type>
      <Subprocess>0</Subprocess>
      <Category>5</Category>
      <Mode>0</Mode>
      <Scope>4</Scope>
      <OnDemand>0</OnDemand>
      <TriggerOnCreate>0</TriggerOnCreate>
      <TriggerOnDelete>0</TriggerOnDelete>
      <AsyncAutodelete>0</AsyncAutodelete>
      <SyncWorkflowLogOnFailure>0</SyncWorkflowLogOnFailure>
      <StateCode>1</StateCode>
      <StatusCode>2</StatusCode>
      <RunAs>1</RunAs>
      <IsTransacted>1</IsTransacted>
      <IntroducedVersion>1.0.0.0</IntroducedVersion>
      <IsCustomizable>1</IsCustomizable>
      <IsCustomProcessingStepAllowedForOtherPublishers>1</IsCustomProcessingStepAllowedForOtherPublishers>
      <PrimaryEntity>none</PrimaryEntity>
      <LocalizedNames>
        <LocalizedName languagecode="1046" description="Fluxo_Obter_nome_e_ícone_de_uma_empresa" />
      </LocalizedNames>
    </Workflow>
    <Workflow WorkflowId="{17cae3c4-b8be-ed11-83ff-000d3a886bd5}" Name="Fluxo_Enviar_Arquivo_do_PowerApps_para_Sharepoint">
      <JsonFileName>/Workflows/Fluxo_Enviar_Arquivo_do_PowerApps_para_Sharepoint-17CAE3C4-B8BE-ED11-83FF-000D3A886BD5.json</JsonFileName>
      <Type>1</Type>
      <Subprocess>0</Subprocess>
      <Category>5</Category>
      <Mode>0</Mode>
      <Scope>4</Scope>
      <OnDemand>0</OnDemand>
      <TriggerOnCreate>0</TriggerOnCreate>
      <TriggerOnDelete>0</TriggerOnDelete>
      <AsyncAutodelete>0</AsyncAutodelete>
      <SyncWorkflowLogOnFailure>0</SyncWorkflowLogOnFailure>
      <StateCode>1</StateCode>
      <StatusCode>2</StatusCode>
      <RunAs>1</RunAs>
      <IsTransacted>1</IsTransacted>
      <IntroducedVersion>1.0.0.0</IntroducedVersion>
      <IsCustomizable>1</IsCustomizable>
      <IsCustomProcessingStepAllowedForOtherPublishers>1</IsCustomProcessingStepAllowedForOtherPublishers>
      <PrimaryEntity>none</PrimaryEntity>
      <LocalizedNames>
        <LocalizedName languagecode="1046" description="Fluxo_Enviar_Arquivo_do_PowerApps_para_Sharepoint" />
      </LocalizedNames>
    </Workflow>
    <Workflow WorkflowId="{e3c4b79f-60dd-ed11-8846-00224837cf9a}" Name="Fluxo_Status_de_Login_de_Usuário">
      <JsonFileName>/Workflows/Fluxo_Status_de_Login_de_Usurio-E3C4B79F-60DD-ED11-8846-00224837CF9A.json</JsonFileName>
      <Type>1</Type>
      <Subprocess>0</Subprocess>
      <Category>5</Category>
      <Mode>0</Mode>
      <Scope>4</Scope>
      <OnDemand>0</OnDemand>
      <TriggerOnCreate>0</TriggerOnCreate>
      <TriggerOnDelete>0</TriggerOnDelete>
      <AsyncAutodelete>0</AsyncAutodelete>
      <SyncWorkflowLogOnFailure>0</SyncWorkflowLogOnFailure>
      <StateCode>1</StateCode>
      <StatusCode>2</StatusCode>
      <RunAs>1</RunAs>
      <IsTransacted>1</IsTransacted>
      <IntroducedVersion>1.0.0.0</IntroducedVersion>
      <IsCustomizable>1</IsCustomizable>
      <IsCustomProcessingStepAllowedForOtherPublishers>1</IsCustomProcessingStepAllowedForOtherPublishers>
      <PrimaryEntity>none</PrimaryEntity>
      <LocalizedNames>
        <LocalizedName languagecode="1046" description="Fluxo_Status_de_Login_de_Usuário" />
      </LocalizedNames>
    </Workflow>
    <Workflow WorkflowId="{5832d0b2-9dcc-ed11-a7c5-00224837cf9a}" Name="Fluxo_Obter_Nomes_de_Marcas_de_Concorrentes">
      <JsonFileName>/Workflows/Fluxo_Obter_Nomes_de_Marcas_de_Concorrentes-5832D0B2-9DCC-ED11-A7C5-00224837CF9A.json</JsonFileName>
      <Type>1</Type>
      <Subprocess>0</Subprocess>
      <Category>5</Category>
      <Mode>0</Mode>
      <Scope>4</Scope>
      <OnDemand>0</OnDemand>
      <TriggerOnCreate>0</TriggerOnCreate>
      <TriggerOnDelete>0</TriggerOnDelete>
      <AsyncAutodelete>0</AsyncAutodelete>
      <SyncWorkflowLogOnFailure>0</SyncWorkflowLogOnFailure>
      <StateCode>1</StateCode>
      <StatusCode>2</StatusCode>
      <RunAs>1</RunAs>
      <IsTransacted>1</IsTransacted>
      <IntroducedVersion>1.0.0.0</IntroducedVersion>
      <IsCustomizable>1</IsCustomizable>
      <IsCustomProcessingStepAllowedForOtherPublishers>1</IsCustomProcessingStepAllowedForOtherPublishers>
      <PrimaryEntity>none</PrimaryEntity>
      <LocalizedNames>
        <LocalizedName languagecode="1046" description="Fluxo_Obter_Nomes_de_Marcas_de_Concorrentes" />
      </LocalizedNames>
    </Workflow>
    <Workflow WorkflowId="{452bdfcc-10de-ed11-a7c5-00224837cf9a}" Name="Fluxo_Conjunto_de_Dados_de_Atualização">
      <JsonFileName>/Workflows/Fluxo_Conjunto_de_Dados_de_Atualizao-452BDFCC-10DE-ED11-A7C5-00224837CF9A.json</JsonFileName>
      <Type>1</Type>
      <Subprocess>0</Subprocess>
      <Category>5</Category>
      <Mode>0</Mode>
      <Scope>4</Scope>
      <OnDemand>0</OnDemand>
      <TriggerOnCreate>0</TriggerOnCreate>
      <TriggerOnDelete>0</TriggerOnDelete>
      <AsyncAutodelete>0</AsyncAutodelete>
      <SyncWorkflowLogOnFailure>0</SyncWorkflowLogOnFailure>
      <StateCode>1</StateCode>
      <StatusCode>2</StatusCode>
      <RunAs>1</RunAs>
      <IsTransacted>1</IsTransacted>
      <IntroducedVersion>1.0.0.0</IntroducedVersion>
      <IsCustomizable>1</IsCustomizable>
      <IsCustomProcessingStepAllowedForOtherPublishers>1</IsCustomProcessingStepAllowedForOtherPublishers>
      <PrimaryEntity>none</PrimaryEntity>
      <LocalizedNames>
        <LocalizedName languagecode="1046" description="Fluxo_Conjunto_de_Dados_de_Atualização" />
      </LocalizedNames>
    </Workflow>
    <Workflow WorkflowId="{256ef458-b2d4-ed11-a7c6-00224837cf9a}" Name=" Fluxo_Atualizar_Lista_de_Nomes_de_Empresas">
      <JsonFileName>/Workflows/Fluxo_Atualizar_Lista_de_Nomes_de_Empresas-256EF458-B2D4-ED11-A7C6-00224837CF9A.json</JsonFileName>
      <Type>1</Type>
      <Subprocess>0</Subprocess>
      <Category>5</Category>
      <Mode>0</Mode>
      <Scope>4</Scope>
      <OnDemand>0</OnDemand>
      <TriggerOnCreate>0</TriggerOnCreate>
      <TriggerOnDelete>0</TriggerOnDelete>
      <AsyncAutodelete>0</AsyncAutodelete>
      <SyncWorkflowLogOnFailure>0</SyncWorkflowLogOnFailure>
      <StateCode>1</StateCode>
      <StatusCode>2</StatusCode>
      <RunAs>1</RunAs>
      <IsTransacted>1</IsTransacted>
      <IntroducedVersion>1.0.0.0</IntroducedVersion>
      <IsCustomizable>1</IsCustomizable>
      <IsCustomProcessingStepAllowedForOtherPublishers>1</IsCustomProcessingStepAllowedForOtherPublishers>
      <PrimaryEntity>none</PrimaryEntity>
      <LocalizedNames>
        <LocalizedName languagecode="1046" description=" Fluxo_Atualizar_Lista_de_Nomes_de_Empresas" />
      </LocalizedNames>
    </Workflow>
  </Workflows>
  <FieldSecurityProfiles></FieldSecurityProfiles>
  <Templates />
  <EntityMaps />
  <EntityRelationships />
  <OrganizationSettings />
  <optionsets />
  <Dashboards>
    <Dashboard>
      <LocalizedNames>
        <LocalizedName description="App DE&amp;I Brand Index_My Report_Feeling" languagecode="1046" />
      </LocalizedNames>
      <FormId>{9e00c6f1-e6d3-ed11-a7c6-00224837cf9a}</FormId>
      <IsCustomizable>1</IsCustomizable>
      <IsDefault>0</IsDefault>
      <FormXml>
        <forms type="powerbi">
          <form>
            <tabs>
              <tab showlabel="false" verticallayout="true" id="{9399d93f-0eb6-4f59-8f7c-742ba63eb648}">
                <labels>
                  <label description="" languagecode="1046" />
                </labels>
                <columns>
                  <column width="100%">
                    <sections>
                      <section showlabel="false" showbar="false" columns="111" id="{3011069c-31b4-4632-8531-1f506b763dab}">
                        <labels>
                          <label description="" languagecode="1046" />
                        </labels>
                        <rows>
                          <row>
                            <cell colspan="3" rowspan="24" showlabel="false" id="{46e0683c-b215-45b3-8f32-5d29ee0f57db}" availableforphone="false">
                              <labels>
                                <label description="" languagecode="1046" />
                              </labels>
                              <control id="1c231778-c16d-4d54-a9ce-9a0f477ad63b" classid="{8C54228C-1B25-4909-A12A-F2B968BB0D62}">
                                <parameters>
                                  <PowerBIGroupId>71a7f2a1-cf68-482a-8785-3d6855d562f9</PowerBIGroupId>
                                  <PowerBIReportId>3d902b31-f4cd-4807-a459-c775c92773fd</PowerBIReportId>
                                  <TileUrl>https://app.powerbi.com/reportEmbed?w=2&amp;config=eyJjbHVzdGVyVXJsIjoiaHR0cHM6Ly9XQUJJLUVVUk9QRS1OT1JUSC1CLXJlZGlyZWN0LmFuYWx5c2lzLndpbmRvd3MubmV0IiwiZW1iZWRGZWF0dXJlcyI6eyJtb2Rlcm5FbWJlZCI6dHJ1ZSwidXNhZ2VNZXRyaWNzVk5leHQiOnRydWV9fQ%3D%3D&amp;groupId=71a7f2a1-cf68-482a-8785-3d6855d562f9&amp;reportId=3d902b31-f4cd-4807-a459-c775c92773fd</TileUrl>
                                  <Type>2</Type>
                                </parameters>
                              </control>
                            </cell>
                          </row>
                        </rows>
                      </section>
                    </sections>
                  </column>
                </columns>
              </tab>
            </tabs>
            <DisplayConditions FallbackForm="true">
              <Everyone />
            </DisplayConditions>
          </form>
        </forms>
      </FormXml>
      <IntroducedVersion>1.0.0.0</IntroducedVersion>
      <IsTabletEnabled>0</IsTabletEnabled>
    </Dashboard>
    <Dashboard>
      <LocalizedNames>
        <LocalizedName description="App DE&amp;I Brand Index_My Report_Index" languagecode="1046" />
      </LocalizedNames>
      <FormId>{2919b5a9-e6d3-ed11-a7c6-00224837cf9a}</FormId>
      <IsCustomizable>1</IsCustomizable>
      <IsDefault>0</IsDefault>
      <FormXml>
        <forms type="powerbi">
          <form>
            <tabs>
              <tab showlabel="false" verticallayout="true" id="{f56cb198-62fd-40e1-bcc4-5144d147e6af}">
                <labels>
                  <label description="" languagecode="1046" />
                </labels>
                <columns>
                  <column width="100%">
                    <sections>
                      <section showlabel="false" showbar="false" columns="111" id="{c4327d98-3b79-40db-b597-6bc3d2121500}">
                        <labels>
                          <label description="" languagecode="1046" />
                        </labels>
                        <rows>
                          <row>
                            <cell colspan="3" rowspan="24" showlabel="false" id="{f5718d13-be7f-47a2-a801-d7391e214d42}" availableforphone="false">
                              <labels>
                                <label description="" languagecode="1046" />
                              </labels>
                              <control id="d0de3505-7224-4095-95fc-956628bc8963" classid="{8C54228C-1B25-4909-A12A-F2B968BB0D62}">
                                <parameters>
                                  <PowerBIGroupId>71a7f2a1-cf68-482a-8785-3d6855d562f9</PowerBIGroupId>
                                  <PowerBIReportId>0785d0a6-30a2-4c55-a994-637c2e1ec5e1</PowerBIReportId>
                                  <TileUrl>https://app.powerbi.com/reportEmbed?w=2&amp;config=eyJjbHVzdGVyVXJsIjoiaHR0cHM6Ly9XQUJJLUVVUk9QRS1OT1JUSC1CLXJlZGlyZWN0LmFuYWx5c2lzLndpbmRvd3MubmV0IiwiZW1iZWRGZWF0dXJlcyI6eyJtb2Rlcm5FbWJlZCI6dHJ1ZSwidXNhZ2VNZXRyaWNzVk5leHQiOnRydWV9fQ%3D%3D&amp;groupId=71a7f2a1-cf68-482a-8785-3d6855d562f9&amp;reportId=0785d0a6-30a2-4c55-a994-637c2e1ec5e1</TileUrl>
                                  <Type>2</Type>
                                </parameters>
                              </control>
                            </cell>
                          </row>
                        </rows>
                      </section>
                    </sections>
                  </column>
                </columns>
              </tab>
            </tabs>
          </form>
        </forms>
      </FormXml>
      <IntroducedVersion>1.0.0.0</IntroducedVersion>
      <IsTabletEnabled>0</IsTabletEnabled>
    </Dashboard>
  </Dashboards>
  <CustomControls />
  <EntityDataProviders />
  <CanvasApps>
    <CanvasApp>
      <Name>richard_deicanvas_4af7f</Name>
      <AppVersion>2023-09-29T18:30:48Z</AppVersion>
      <Status>Ready</Status>
      <CreatedByClientVersion>3.23092.13.0</CreatedByClientVersion>
      <MinClientVersion>3.23092.13.0</MinClientVersion>
      <Tags>{"primaryDeviceWidth":"1366","primaryDeviceHeight":"768","supportsPortrait":"true","supportsLandscape":"true","primaryFormFactor":"Tablet","publisherVersion":"3.23092.13","minimumRequiredApiVersion":"2.2.0","hasComponent":"true","hasUnlockedComponent":"true","isUnifiedRootApp":"false","sienaVersion":"20230814T163447Z-3.23042.12.0","showStatusBar":"false"}</Tags>
      <IsCdsUpgraded>0</IsCdsUpgraded>
      <GalleryItemId xsi:nil="true"></GalleryItemId>
      <BackgroundColor>rgba(255, 255, 255, 1)</BackgroundColor>
      <DisplayName>RepresentationAndFeelingApp</DisplayName>
      <Description xsi:nil="true"></Description>
      <CommitMessage xsi:nil="true"></CommitMessage>
      <Publisher xsi:nil="true"></Publisher>
      <AuthorizationReferences>[{"resourceId":"powerbi"}]</AuthorizationReferences>
      <ConnectionReferences>{"ce58ae09-ecc3-4ab0-8e7f-eaef65d0f802":{"id":"/providers/microsoft.powerapps/apis/shared_sharepointonline","displayName":"SharePoint","iconUri":"https://connectoricons-prod.azureedge.net/u/henryorsborn/partial-builds/asev3migrations-with-resourceTemplate/1.0.1653.3414/sharepointonline/icon.png","dataSources":["BeyondMakersApps_UploadMarca","Teste"],"dependencies":[],"dependents":["bb004841-c927-4991-8e16-04a25376dd4b","04ce1d7c-66c2-4b02-8204-6b4845b4464c"],"parameterHints":{},"parameterHintsV2":{},"isOnPremiseConnection":false,"bypassConsent":false,"dataSets":{"https://sites.ey.com/sites/Teste_PowerApps22":{"dataSources":{"Teste":{"tableName":"628fb593-439a-4ab8-96a9-c9e44c66e8fd"}}}},"apiTier":"Standard"},"56e05a67-cf5f-4abe-ba8a-fcd5ae138259":{"id":"/providers/microsoft.powerapps/apis/shared_logicflows","displayName":"Logic flows","iconUri":"https://connectoricons-prod.azureedge.net/releases/v1.0.1653/1.0.1653.3403/logicflows/icon.png","dataSources":["Flow_Get_Competitors_Brands_Names"],"dependencies":["3193f6de-03b9-4f36-9437-e0f22a65cc8c"],"dependents":[],"parameterHints":{"workflowName":{"value":"00102e74-3378-47c5-8a8e-daa1edb4330a"},"workflowEntityId":{"value":"5832d0b2-9dcc-ed11-a7c5-00224837cf9a"},"3193f6de-03b9-4f36-9437-e0f22a65cc8c":{"value":"shared_excelonlinebusiness_1"}},"parameterHintsV2":{"workflowName":{"value":"00102e74-3378-47c5-8a8e-daa1edb4330a"},"workflowEntityId":{"value":"5832d0b2-9dcc-ed11-a7c5-00224837cf9a"},"shared_excelonlinebusiness_1":{"value":"3193f6de-03b9-4f36-9437-e0f22a65cc8c"}},"isOnPremiseConnection":false,"bypassConsent":false,"dataSets":{},"apiTier":"Standard","actions":["Run"]},"3193f6de-03b9-4f36-9437-e0f22a65cc8c":{"id":"/providers/microsoft.powerapps/apis/shared_excelonlinebusiness","displayName":"Excel Online (Business)","iconUri":"https://connectoricons-prod.azureedge.net/u/laborbol/partial-builds/ase-v3/1.0.1653.3402/excelonlinebusiness/icon.png","dataSources":[],"dependencies":[],"dependents":["56e05a67-cf5f-4abe-ba8a-fcd5ae138259"],"parameterHints":{},"parameterHintsV2":{},"isOnPremiseConnection":false,"bypassConsent":false,"dataSets":{},"apiTier":"Standard"},"bb004841-c927-4991-8e16-04a25376dd4b":{"id":"/providers/microsoft.powerapps/apis/shared_logicflows","displayName":"Logic flows","iconUri":"https://connectoricons-prod.azureedge.net/releases/v1.0.1653/1.0.1653.3403/logicflows/icon.png","dataSources":["Flow_Get_Name_And_Icon_Of_a_Company"],"dependencies":["ce58ae09-ecc3-4ab0-8e7f-eaef65d0f802"],"dependents":[],"parameterHints":{"workflowName":{"value":"526efe1c-ad86-4c44-b983-f052e79d73df"},"workflowEntityId":{"value":"667bf02b-86be-ed11-83ff-000d3a886bd5"},"ce58ae09-ecc3-4ab0-8e7f-eaef65d0f802":{"value":"shared_sharepointonline"}},"parameterHintsV2":{"workflowName":{"value":"526efe1c-ad86-4c44-b983-f052e79d73df"},"workflowEntityId":{"value":"667bf02b-86be-ed11-83ff-000d3a886bd5"},"shared_sharepointonline":{"value":"ce58ae09-ecc3-4ab0-8e7f-eaef65d0f802"}},"isOnPremiseConnection":false,"bypassConsent":false,"dataSets":{},"apiTier":"Standard","actions":["Run"]},"04ce1d7c-66c2-4b02-8204-6b4845b4464c":{"id":"/providers/microsoft.powerapps/apis/shared_logicflows","displayName":"Logic flows","iconUri":"https://connectoricons-prod.azureedge.net/releases/v1.0.1653/1.0.1653.3403/logicflows/icon.png","dataSources":["Flow_Send_File_From_Power_Apps_to_Sharepoint_OLD"],"dependencies":["ce58ae09-ecc3-4ab0-8e7f-eaef65d0f802"],"dependents":[],"parameterHints":{"workflowName":{"value":"7599a011-9428-4ad9-88c5-adad4316dfe3"},"workflowEntityId":{"value":"17cae3c4-b8be-ed11-83ff-000d3a886bd5"},"ce58ae09-ecc3-4ab0-8e7f-eaef65d0f802":{"value":"shared_sharepointonline_1"}},"parameterHintsV2":{"workflowName":{"value":"7599a011-9428-4ad9-88c5-adad4316dfe3"},"workflowEntityId":{"value":"17cae3c4-b8be-ed11-83ff-000d3a886bd5"},"shared_sharepointonline_1":{"value":"ce58ae09-ecc3-4ab0-8e7f-eaef65d0f802"}},"isOnPremiseConnection":false,"bypassConsent":false,"dataSets":{},"apiTier":"Standard"}}</ConnectionReferences>
      <DatabaseReferences>{}</DatabaseReferences>
      <AppComponents>[]</AppComponents>
      <AppComponentDependencies>[]</AppComponentDependencies>
      <CanConsumeAppPass>1</CanConsumeAppPass>
      <CanvasAppType>0</CanvasAppType>
      <BypassConsent>0</BypassConsent>
      <AdminControlBypassConsent>0</AdminControlBypassConsent>
      <EmbeddedApp xsi:nil="true"></EmbeddedApp>
      <IntroducedVersion>1.0</IntroducedVersion>
      <CdsDependencies>{"cdsdependencies":[{"dependencyid":"5832d0b2-9dcc-ed11-a7c5-00224837cf9a","componenttype":29,"componenttypeplatformname":"Workflow"},{"dependencyid":"667bf02b-86be-ed11-83ff-000d3a886bd5","componenttype":29,"componenttypeplatformname":"Workflow"},{"dependencyid":"17cae3c4-b8be-ed11-83ff-000d3a886bd5","componenttype":29,"componenttypeplatformname":"Workflow"}]}</CdsDependencies>
      <IsCustomizable>1</IsCustomizable>
      <BackgroundImageUri>/CanvasApps/richard_deicanvas_4af7f_BackgroundImageUri</BackgroundImageUri>
      <DocumentUri>/CanvasApps/richard_deicanvas_4af7f_DocumentUri.msapp</DocumentUri>
    </CanvasApp>
  </CanvasApps>
  <connectionreferences>
    <connectionreference connectionreferencelogicalname="new_sharedsharepointonline_ce64a">
      <connectionreferencedisplayname>SharePoint Default-ce64a</connectionreferencedisplayname>
      <connectorid>/providers/Microsoft.PowerApps/apis/shared_sharepointonline</connectorid>
      <iscustomizable>1</iscustomizable>
      <statecode>0</statecode>
      <statuscode>1</statuscode>
    </connectionreference>
    <connectionreference connectionreferencelogicalname="rchrd_sharedexcelonlinebusiness_69bb1">
      <connectionreferencedisplayname>Excel Online (Business) DEI_Main-69bb1</connectionreferencedisplayname>
      <connectorid>/providers/Microsoft.PowerApps/apis/shared_excelonlinebusiness</connectorid>
      <iscustomizable>1</iscustomizable>
      <statecode>0</statecode>
      <statuscode>1</statuscode>
    </connectionreference>
    <connectionreference connectionreferencelogicalname="rchrd_sharedpowerbi_10e6d">
      <connectionreferencedisplayname>Power BI DEI_Main-10e6d</connectionreferencedisplayname>
      <connectorid>/providers/Microsoft.PowerApps/apis/shared_powerbi</connectorid>
      <iscustomizable>1</iscustomizable>
      <statecode>0</statecode>
      <statuscode>1</statuscode>
    </connectionreference>
    <connectionreference connectionreferencelogicalname="rchrd_sharedpowerbi_574c5">
      <connectionreferencedisplayname>Power BI DEI_Main-574c5</connectionreferencedisplayname>
      <connectorid>/providers/Microsoft.PowerApps/apis/shared_powerbi</connectorid>
      <iscustomizable>1</iscustomizable>
      <statecode>0</statecode>
      <statuscode>1</statuscode>
    </connectionreference>
    <connectionreference connectionreferencelogicalname="rchrd_sharedpowerbi_99816">
      <connectionreferencedisplayname>Power BI DEI_Main-99816</connectionreferencedisplayname>
      <connectorid>/providers/Microsoft.PowerApps/apis/shared_powerbi</connectorid>
      <iscustomizable>1</iscustomizable>
      <statecode>0</statecode>
      <statuscode>1</statuscode>
    </connectionreference>
    <connectionreference connectionreferencelogicalname="rchrd_sharedsharepointonline_8a1c3">
      <connectionreferencedisplayname>SharePoint DEI_Main-8a1c3</connectionreferencedisplayname>
      <connectorid>/providers/Microsoft.PowerApps/apis/shared_sharepointonline</connectorid>
      <iscustomizable>1</iscustomizable>
      <statecode>0</statecode>
      <statuscode>1</statuscode>
    </connectionreference>
    <connectionreference connectionreferencelogicalname="rchrd_sharedsharepointonline_ec19a">
      <connectionreferencedisplayname>SharePoint DEI_Main-ec19a</connectionreferencedisplayname>
      <connectorid>/providers/Microsoft.PowerApps/apis/shared_sharepointonline</connectorid>
      <iscustomizable>1</iscustomizable>
      <statecode>0</statecode>
      <statuscode>1</statuscode>
    </connectionreference>
  </connectionreferences>
  <Languages>
    <Language>1046</Language>
  </Languages>
</ImportExportXml>