{
  "properties": {
    "connectionReferences": {
      "shared_sharepointonline_1": {
        "runtimeSource": "invoker",
        "connection": {
          "connectionReferenceLogicalName": "rchrd_sharedsharepointonline_ec19a"
        },
        "api": {
          "name": "shared_sharepointonline"
        }
      }
    },
    "definition": {
      "$schema": "https://schema.management.azure.com/providers/Microsoft.Logic/schemas/2016-06-01/workflowdefinition.json#",
      "contentVersion": "1.0.0.0",
      "parameters": {
        "$connections": {
          "defaultValue": {},
          "type": "Object"
        },
        "$authentication": {
          "defaultValue": {},
          "type": "SecureObject"
        }
      },
      "triggers": {
        "manual": {
          "metadata": {
            "operationMetadataId": "61f76680-7e4d-4ec7-bc72-9d86cb1abef9"
          },
          "type": "Request",
          "kind": "PowerApp",
          "inputs": {
            "schema": {
              "type": "object",
              "properties": {
                "vCompany_Value": {
                  "type": "string",
                  "description": "Enter initial value",
                  "x-ms-powerflows-param-ispartial": false
                },
                "Createfile_FileContent": {
                  "type": "string",
                  "format": "binary",
                  "description": "Content of the file.",
                  "x-ms-powerflows-param-ispartial": false
                }
              },
              "required": [
                "vCompany_Value",
                "Createfile_FileContent"
              ]
            }
          }
        }
      },
      "actions": {
        "Armazenar_Empresa_[Variável]": {
          "runAfter": {},
          "metadata": {
            "operationMetadataId": "92aef930-7b87-4f19-b792-29144d7551b8"
          },
          "type": "InitializeVariable",
          "inputs": {
            "variables": [
              {
                "name": "vCompany",
                "type": "string",
                "value": "@triggerBody()['vCompany_Value']"
              }
            ]
          },
          "description": "Variável string para armazenar a Empresa"
        },
        "Cria_Novo_Arquivo": {
          "runAfter": {
            "Verificador_de_Quantidade_de_Arquivos": [
              "Succeeded"
            ]
          },
          "metadata": {
            "operationMetadataId": "bb5421cd-fbce-4402-8c0d-875d2beea2cd"
          },
          "type": "OpenApiConnection",
          "inputs": {
            "host": {
              "connectionName": "shared_sharepointonline_1",
              "operationId": "CreateFile",
              "apiId": "/providers/Microsoft.PowerApps/apis/shared_sharepointonline"
            },
            "parameters": {
              "dataset": "@outputs('Item_Temporário')",
              "folderPath": "@outputs('Item_Temporário')",
              "name": "@{variables('vCompany')}.xlsx",
              "body": "@base64ToBinary(triggerBody()['Cria_Novo_Arquivo_FileContent'])"
            },
            "authentication": {
              "type": "Raw",
              "value": "@json(decodeBase64(triggerOutputs().headers['X-MS-APIM-Tokens']))['$ConnectionKey']"
            }
          },
          "description": "Cria um arquivo novo na pasta selecionada",
          "runtimeConfiguration": {
            "contentTransfer": {
              "transferMode": "Chunked"
            }
          }
        },
        "Pegar_Arquivos_do_Sharepoint": {
          "runAfter": {
            "Item_Temporário": [
              "Succeeded"
            ]
          },
          "metadata": {
            "operationMetadataId": "71174e9d-0ea0-4b9d-bad4-a37d2102bd9a"
          },
          "type": "OpenApiConnection",
          "inputs": {
            "host": {
              "connectionName": "shared_sharepointonline_1",
              "operationId": "GetFileItems",
              "apiId": "/providers/Microsoft.PowerApps/apis/shared_sharepointonline"
            },
            "parameters": {
              "dataset": "@outputs('Item_Temporário')",
              "table": "@outputs('Item_Temporário')",
              "$filter": "FileLeafRef eq '@{triggerBody()['vCompany_Value']}.xlsx'"
            },
            "authentication": {
              "type": "Raw",
              "value": "@json(decodeBase64(triggerOutputs().headers['X-MS-APIM-Tokens']))['$ConnectionKey']"
            }
          },
          "description": "Pega os arquivos de uma pasta do sharepoint"
        },
        "Verificador_de_Quantidade_de_Arquivos": {
          "actions": {
            "Deleta_Arquivos_Encontrados": {
              "foreach": "@outputs('Pegar_Arquivos_do_Sharepoint')?['body/value']",
              "actions": {
                "Deleta_Arquivo": {
                  "runAfter": {},
                  "metadata": {
                    "operationMetadataId": "c6f5c80c-dc1c-4aad-8c8c-2472c0e2c828"
                  },
                  "type": "OpenApiConnection",
                  "inputs": {
                    "host": {
                      "connectionName": "shared_sharepointonline_1",
                      "operationId": "DeleteFile",
                      "apiId": "/providers/Microsoft.PowerApps/apis/shared_sharepointonline"
                    },
                    "parameters": {
                      "dataset": "@outputs('Item_Temporário')",
                      "id": "@items('Deleta_Arquivos_Encontrados')?['{Identifier}']"
                    },
                    "authentication": {
                      "type": "Raw",
                      "value": "@json(decodeBase64(triggerOutputs().headers['X-MS-APIM-Tokens']))['$ConnectionKey']"
                    }
                  },
                  "description": "Deleta o arquivo encontrado"
                }
              },
              "runAfter": {},
              "metadata": {
                "operationMetadataId": "08eed0a7-7ddb-464b-b215-10e766731d07"
              },
              "type": "Foreach",
              "description": "Percorre arquivo por arquivo encontrado"
            }
          },
          "runAfter": {
            "Pegar_Arquivos_do_Sharepoint": [
              "Succeeded"
            ]
          },
          "expression": {
            "greater": [
              "@length(outputs('Pegar_Arquivos_do_Sharepoint')?['body'])",
              0
            ]
          },
          "metadata": {
            "operationMetadataId": "bde469d1-ebc9-4aba-bb12-632c86b52fab"
          },
          "type": "If",
          "description": "Caso tenha 1 ou mais arquivos na pasta, o fluxo fará todos os passos do 'If yes'"
        },
        "Item_Temporário": {
          "runAfter": {
            "Armazenar_Empresa_[Variável]": [
              "Succeeded"
            ]
          },
          "metadata": {
            "operationMetadataId": "282b670f-704b-4884-b568-de8d6a463d6f"
          },
          "type": "Compose",
          "inputs": "@null",
          "description": "Item utilizado somente para salvar o template, por favor remover quando for utilizar e reconfigure os funcionalidades de sharepoint"
        }
      }
    },
    "templateName": ""
  },
  "schemaVersion": "1.0.0.0"
}