{
  "properties": {
    "connectionReferences": {
      "shared_excelonlinebusiness_1": {
        "runtimeSource": "invoker",
        "connection": {
          "connectionReferenceLogicalName": "rchrd_sharedexcelonlinebusiness_69bb1"
        },
        "api": {
          "name": "shared_excelonlinebusiness"
        }
      }
    },
    "definition": {
      "$schema": "https://schema.management.azure.com/providers/Microsoft.Logic/schemas/2016-06-01/workflowdefinition.json#",
      "contentVersion": "1.0.0.0",
      "parameters": {
        "$connections": {
          "defaultValue": {},
          "type": "Object"
        },
        "$authentication": {
          "defaultValue": {},
          "type": "SecureObject"
        }
      },
      "triggers": {
        "manual": {
          "metadata": {
            "operationMetadataId": "f3f53a24-5663-4cbe-8f07-e2d6f5aaaf56"
          },
          "type": "Request",
          "kind": "PowerApp",
          "inputs": {
            "schema": {
              "type": "object",
              "properties": {
                "vCompany_Value": {
                  "type": "string",
                  "description": "Enter initial value",
                  "x-ms-powerflows-param-ispartial": false
                }
              },
              "required": [
                "vCompany_Value"
              ]
            }
          }
        }
      },
      "actions": {
        "Armazenar_Empresa_[Variável]": {
          "runAfter": {
            "Armazenar_Marca_[Variável]": [
              "Succeeded"
            ]
          },
          "metadata": {
            "operationMetadataId": "0ede3333-4f12-48c2-9177-007d1e16b5c3"
          },
          "type": "InitializeVariable",
          "inputs": {
            "variables": [
              {
                "name": "vCompany",
                "type": "string",
                "value": "@{outputs('Entrada_para_a_Variável_vCompany')}"
              }
            ]
          },
          "description": "Variável string para armazenar a Empresa"
        },
        "Armazenar_Tabelas_[Variável]": {
          "runAfter": {
            "Armazenar_Empresa_[Variável]": [
              "Succeeded"
            ]
          },
          "metadata": {
            "operationMetadataId": "81c7c0c3-0b99-4973-b3d2-b4323a4fb856"
          },
          "type": "InitializeVariable",
          "inputs": {
            "variables": [
              {
                "name": "vTables",
                "type": "array"
              }
            ]
          },
          "description": "Variável Array para armazenar as tabelas"
        },
        "Obter_Tabelas_do_Modelo_de_Marca_[Excel_Online]": {
          "runAfter": {
            "Armazenar_Tabelas_[Variável]": [
              "Succeeded"
            ]
          },
          "metadata": {
            "01FRSFNTSNXJBL3S2XZJALFCRJELMVCGFV": "/EY.xlsx",
            "operationMetadataId": "93b68fec-a5ee-4393-85d1-f196b5618616",
            "tableId": null,
            "01FRSFNTQJ4LYEH2QJFVALZ7MG4GMIJ7XT": "/EY.xlsx",
            "01FRSFNTRKY7XED5POV5H36VMHKT6LZQLM": "/BRF.xlsx"
          },
          "type": "OpenApiConnection",
          "inputs": {
            "host": {
              "connectionName": "shared_excelonlinebusiness_1",
              "operationId": "GetTables",
              "apiId": "/providers/Microsoft.PowerApps/apis/shared_excelonlinebusiness"
            },
            "parameters": {
              "source": "Coloque o endereço do arquivo aqui!",
              "drive": "Coloque a pasta do documento aqui!",
              "file": "/@{variables('vCompany')}.xlsx"
            },
            "authentication": {
              "type": "Raw",
              "value": "@json(decodeBase64(triggerOutputs().headers['X-MS-APIM-Tokens']))['$ConnectionKey']"
            }
          },
          "description": "Pega as tabelas a partir do templade da Marca. ____________________________________________________ [É necessário colocar a 'Location' e o 'Document Library' do novo template a ser utilizado]"
        },
        "Pega_as_Tabelas_de_Identificação_[Recorrência]": {
          "foreach": "@outputs('Obter_Tabelas_do_Modelo_de_Marca_[Excel_Online]')?['body/value']",
          "actions": {
            "Extrai_ID_da_Tabela": {
              "runAfter": {},
              "metadata": {
                "operationMetadataId": "d73aad6a-cd3e-4844-a4f5-1221e2b9b23d"
              },
              "type": "Compose",
              "inputs": "@items('Pega_as_Tabelas_de_Identificação_[Recorrência]')?['id']",
              "description": "ID extraido da tabela"
            },
            "Anexar_tabela_de_ID_ao_array_vTables_[Variável]": {
              "runAfter": {
                "Extrai_ID_da_Tabela": [
                  "Succeeded"
                ]
              },
              "metadata": {
                "operationMetadataId": "457e3ba2-5c40-4006-b05e-121246c5cbca"
              },
              "type": "AppendToArrayVariable",
              "inputs": {
                "name": "vTables",
                "value": "@outputs('Extrai_ID_da_Tabela')"
              },
              "description": "Variável Array que armazena os ID`s"
            }
          },
          "runAfter": {
            "Obter_Tabelas_do_Modelo_de_Marca_[Excel_Online]": [
              "Succeeded"
            ]
          },
          "metadata": {
            "operationMetadataId": "2542312d-f380-4823-951b-68cd26f197ed"
          },
          "type": "Foreach",
          "description": "Recorrencia para pegar todos os ID's das tabelas e colocar em uma variável de Array"
        },
        "Juntar_todas_os_IDs_das_tabelas": {
          "runAfter": {
            "Pega_as_Tabelas_de_Identificação_[Recorrência]": [
              "Succeeded"
            ]
          },
          "metadata": {
            "operationMetadataId": "17f84155-9f9b-4592-85c3-b17ca5998e20"
          },
          "type": "Compose",
          "inputs": "@variables('vTables')",
          "description": "Juntando todos os ID`s em uma string"
        },
        "Converte_Lista_de_Marca_da_Tabela_de_Concorrentes_em_JSON": {
          "runAfter": {
            "Listar_Modelos_de_Marca_da_Tabela_de_Concorrentes_[Excel_Online]": [
              "Succeeded"
            ]
          },
          "metadata": {
            "operationMetadataId": "09ebad9a-6101-4f34-9878-973c6e99bb2c"
          },
          "type": "ParseJson",
          "inputs": {
            "content": "@outputs('Listar_Modelos_de_Marca_da_Tabela_de_Concorrentes_[Excel_Online]')?['body/value']",
            "schema": {
              "type": "array",
              "items": {
                "type": "object",
                "properties": {
                  "@@odata.etag": {
                    "type": "string"
                  },
                  "ItemInternalId": {
                    "type": "string"
                  },
                  "BRAND_ID": {
                    "type": "string"
                  },
                  "COMPETITOR_COMPANY_ID": {
                    "type": "string"
                  },
                  "COMPETITOR_BRAND_ID": {
                    "type": "string"
                  },
                  "COMPETITOR_WEBSITE": {
                    "type": "string"
                  },
                  "COMPETITOR_INSTAGRAM": {
                    "type": "string"
                  },
                  "COMPETITOR_FACEBOOK": {
                    "type": "string"
                  },
                  "COMPETITOR_TWITTER": {
                    "type": "string"
                  },
                  "COMPETITOR_LINKEDIN": {
                    "type": "string"
                  },
                  "COMPETITOR_TIKTOK": {
                    "type": "string"
                  },
                  "COMPETITOR_SNAPCHAT": {
                    "type": "string"
                  },
                  "COMPETITOR_YOUTUBE": {
                    "type": "string"
                  }
                },
                "required": [
                  "@@odata.etag",
                  "ItemInternalId",
                  "BRAND_ID",
                  "COMPETITOR_COMPANY_ID",
                  "COMPETITOR_BRAND_ID",
                  "COMPETITOR_WEBSITE",
                  "COMPETITOR_INSTAGRAM",
                  "COMPETITOR_FACEBOOK",
                  "COMPETITOR_TWITTER",
                  "COMPETITOR_LINKEDIN",
                  "COMPETITOR_TIKTOK",
                  "COMPETITOR_SNAPCHAT",
                  "COMPETITOR_YOUTUBE"
                ]
              }
            }
          },
          "description": "Converte a listagem acima em JSON"
        },
        "Seleciona_Saída_da_Lista_de_Marcas_da_Tabela_de_Concorrentes": {
          "runAfter": {
            "Converte_Lista_de_Marca_da_Tabela_de_Concorrentes_em_JSON": [
              "Succeeded"
            ]
          },
          "metadata": {
            "operationMetadataId": "e0fdff72-cfcd-45e8-ae9c-83e6d41a35e2"
          },
          "type": "Select",
          "inputs": {
            "from": "@body('Converte_Lista_de_Marca_da_Tabela_de_Concorrentes_em_JSON')",
            "select": {
              "Competitors": "@item()['COMPETITOR_BRAND_ID']",
              "Instagram": "@item()['COMPETITOR_INSTAGRAM']",
              "Twitter": "@item()['COMPETITOR_TWITTER']"
            }
          },
          "description": "Seleciona os campos indicados na aba MAP abaixo do JSON criado acima"
        },
        "Remover_Todas_as_Matrizes_em_Branco_da_Tabela_de_Concorrentes": {
          "runAfter": {
            "Seleciona_Saída_da_Lista_de_Marcas_da_Tabela_de_Concorrentes": [
              "Succeeded"
            ]
          },
          "metadata": {
            "operationMetadataId": "134e31a7-2489-488f-b11e-037917caacb3"
          },
          "type": "Query",
          "inputs": {
            "from": "@body('Seleciona_Saída_da_Lista_de_Marcas_da_Tabela_de_Concorrentes')",
            "where": "@not(equals(item()['Competitors'], ''))"
          },
          "description": "Remove todas as linhas em branco do que foi selecionado acima"
        },
        "Converte_Lista_de_Marca_em_JSON": {
          "runAfter": {
            "Listar_Modelos_de_Marca_[Excel_Online]": [
              "Succeeded"
            ]
          },
          "metadata": {
            "operationMetadataId": "aae9edda-e20f-48d2-aec6-a414c7437472"
          },
          "type": "ParseJson",
          "inputs": {
            "content": "@outputs('Listar_Modelos_de_Marca_[Excel_Online]')?['body/value']",
            "schema": {
              "type": "array",
              "items": {
                "type": "object",
                "properties": {
                  "@@odata.etag": {
                    "type": "string"
                  },
                  "ItemInternalId": {
                    "type": "string"
                  },
                  "COMPANY_ID": {
                    "type": "string"
                  },
                  "BRAND_ID": {
                    "type": "string"
                  },
                  "LOCALIZATION": {
                    "type": "string"
                  },
                  "WEBSITE": {
                    "type": "string"
                  },
                  "INSTAGRAM": {
                    "type": "string"
                  },
                  "FACEBOOK": {
                    "type": "string"
                  },
                  "TWITTER": {
                    "type": "string"
                  },
                  "LINKEDIN": {
                    "type": "string"
                  },
                  "TIKTOK": {
                    "type": "string"
                  },
                  "SNAPCHAT": {
                    "type": "string"
                  },
                  "YOUTUBE": {
                    "type": "string"
                  }
                },
                "required": [
                  "@@odata.etag",
                  "ItemInternalId",
                  "COMPANY_ID",
                  "BRAND_ID",
                  "LOCALIZATION",
                  "WEBSITE",
                  "INSTAGRAM",
                  "FACEBOOK",
                  "TWITTER",
                  "LINKEDIN",
                  "TIKTOK",
                  "SNAPCHAT",
                  "YOUTUBE"
                ]
              }
            }
          },
          "description": "Converte a listagem acima em JSON"
        },
        "Listar_Modelos_de_Marca_[Excel_Online]": {
          "runAfter": {
            "Juntar_todas_os_IDs_das_tabelas": [
              "Succeeded"
            ]
          },
          "metadata": {
            "operationMetadataId": "0ee74640-a42e-4ad6-a454-1ff7d70c7f30",
            "tableId": "@variables('vTables')[1]"
          },
          "type": "OpenApiConnection",
          "inputs": {
            "host": {
              "connectionName": "shared_excelonlinebusiness_1",
              "operationId": "GetItems",
              "apiId": "/providers/Microsoft.PowerApps/apis/shared_excelonlinebusiness"
            },
            "parameters": {
              "source": "Coloque o endereço do arquivo aqui!",
              "drive": "Coloque a pasta do documento aqui!",
              "file": "@{variables('vCompany')}.xlsx",
              "table": "@variables('vTables')[1]"
            },
            "authentication": {
              "type": "Raw",
              "value": "@json(decodeBase64(triggerOutputs().headers['X-MS-APIM-Tokens']))['$ConnectionKey']"
            }
          },
          "description": "Lista todas as linhas da tabela template de Brand"
        },
        "Listar_Modelos_de_Marca_da_Tabela_de_Concorrentes_[Excel_Online]": {
          "runAfter": {
            "Juntar_todas_os_IDs_das_tabelas": [
              "Succeeded"
            ]
          },
          "metadata": {
            "01FRSFNTRKY7XED5POV5H36VMHKT6LZQLM": "/BRF.xlsx",
            "operationMetadataId": "2ef23f94-d34a-4efb-ae74-681d6da1971b",
            "tableId": "@variables('vTables')[2]"
          },
          "type": "OpenApiConnection",
          "inputs": {
            "host": {
              "connectionName": "shared_excelonlinebusiness_1",
              "operationId": "GetItems",
              "apiId": "/providers/Microsoft.PowerApps/apis/shared_excelonlinebusiness"
            },
            "parameters": {
              "source": "Coloque o endereço do arquivo aqui!",
              "drive": "Coloque a pasta do documento aqui!",
              "file": "@{variables('vCompany')}.xlsx",
              "table": "@variables('vTables')[2]"
            },
            "authentication": {
              "type": "Raw",
              "value": "@json(decodeBase64(triggerOutputs().headers['X-MS-APIM-Tokens']))['$ConnectionKey']"
            }
          },
          "description": "Lista todas as linhas da tabela template de Competitors"
        },
        "Seleciona_Saída_da_Lista_de_Marcas": {
          "runAfter": {
            "Converte_Lista_de_Marca_em_JSON": [
              "Succeeded"
            ]
          },
          "metadata": {
            "operationMetadataId": "ad75fe17-ed23-4d09-86ce-b45c660aa9b0"
          },
          "type": "Select",
          "inputs": {
            "from": "@body('Converte_Lista_de_Marca_em_JSON')",
            "select": {
              "Competitors": "@item()['BRAND_ID']",
              "Instragram": "@item()['INSTAGRAM']",
              "Twitter": "@item()['TWITTER']"
            }
          },
          "description": "Seleciona os campos indicados na aba MAP abaixo do JSON criado acima"
        },
        "Remover_Todas_as_Matrizes_em_Branco": {
          "runAfter": {
            "Seleciona_Saída_da_Lista_de_Marcas": [
              "Succeeded"
            ]
          },
          "metadata": {
            "operationMetadataId": "bfa27d95-8d92-423f-bb86-f1dd52ea0cc9"
          },
          "type": "Query",
          "inputs": {
            "from": "@body('Seleciona_Saída_da_Lista_de_Marcas')",
            "where": "@not(equals(item()['Competitors'], ''))"
          },
          "description": "Remove todas as linhas em branco do que foi selecionado acima"
        },
        "Junta_as_matrizes_em_um_Texto": {
          "runAfter": {
            "Remover_Todas_as_Matrizes_em_Branco": [
              "Succeeded"
            ],
            "Remover_Todas_as_Matrizes_em_Branco_da_Tabela_de_Concorrentes": [
              "Succeeded"
            ]
          },
          "metadata": {
            "operationMetadataId": "b819a244-1b40-49be-804d-0ae9facea119"
          },
          "type": "Compose",
          "inputs": "@{body('Remover_Todas_as_Matrizes_em_Branco_da_Tabela_de_Concorrentes')}@{body('Remover_Todas_as_Matrizes_em_Branco')}",
          "description": "Junta os dois Arrays acima em uma string"
        },
        "Mesclar_as_matrizes_Formando_uma_Marca": {
          "runAfter": {
            "Junta_as_matrizes_em_um_Texto": [
              "Succeeded"
            ]
          },
          "metadata": {
            "operationMetadataId": "567cb1aa-1e4e-4e9e-83e8-d3c208b3ea24"
          },
          "type": "Compose",
          "inputs": "@replace(outputs('Junta_as_matrizes_em_um_Texto'),'][',',')",
          "description": "Junta os dois Arrays acima formando um unico brand"
        },
        "Responder_a_um_PowerApp_ou_fluxo": {
          "runAfter": {
            "Mesclar_as_matrizes_Formando_uma_Marca": [
              "Succeeded"
            ]
          },
          "metadata": {
            "operationMetadataId": "d1d6aebe-cf4a-4bff-896d-efb258acfdf2"
          },
          "type": "Response",
          "kind": "PowerApp",
          "inputs": {
            "statusCode": 200,
            "body": {
              "vresponse": "@{outputs('Mesclar_as_matrizes_Formando_uma_Marca')}"
            },
            "schema": {
              "type": "object",
              "properties": {
                "vresponse": {
                  "title": "vResponse",
                  "x-ms-dynamically-added": true,
                  "type": "string"
                }
              }
            }
          },
          "description": "Devolve ao APP a informação do brand formada no passo acima"
        },
        "Armazenar_Marca_[Variável]": {
          "runAfter": {
            "Variáveis_​​de_Entrada_de_Teste": [
              "Succeeded"
            ]
          },
          "metadata": {
            "operationMetadataId": "10cbc488-e811-4f9c-8572-006e1d01c14a"
          },
          "type": "InitializeVariable",
          "inputs": {
            "variables": [
              {
                "name": "vBrand",
                "type": "string",
                "value": "@{outputs('Entrada_para_a_Variável_vBrand')}"
              }
            ]
          },
          "description": "Variável string para armazenar a Marca"
        },
        "Variáveis_​​de_Entrada_de_Teste": {
          "actions": {
            "Entrada_para_a_Variável_vBrand": {
              "runAfter": {},
              "metadata": {
                "operationMetadataId": "cd0a7139-e899-4013-911f-fc27f8e3a3ed"
              },
              "type": "Compose",
              "inputs": "vBrand"
            },
            "Entrada_para_a_Variável_vCompany": {
              "runAfter": {
                "Entrada_para_a_Variável_vBrand": [
                  "Succeeded"
                ]
              },
              "metadata": {
                "operationMetadataId": "3dd7f30b-02ef-4409-92f2-5d06ac0787d3"
              },
              "type": "Compose",
              "inputs": "vCompany"
            }
          },
          "runAfter": {},
          "metadata": {
            "operationMetadataId": "d6305798-862f-49d9-bcc3-122bb7eaba99"
          },
          "type": "Scope"
        }
      }
    },
    "templateName": ""
  },
  "schemaVersion": "1.0.0.0"
}