{
  "properties": {
    "connectionReferences": {
      "shared_powerbi": {
        "runtimeSource": "embedded",
        "connection": {
          "connectionReferenceLogicalName": "rchrd_sharedpowerbi_574c5"
        },
        "api": {
          "name": "shared_powerbi"
        }
      }
    },
    "definition": {
      "$schema": "https://schema.management.azure.com/providers/Microsoft.Logic/schemas/2016-06-01/workflowdefinition.json#",
      "contentVersion": "1.0.0.0",
      "parameters": {
        "$connections": {
          "defaultValue": {},
          "type": "Object"
        },
        "$authentication": {
          "defaultValue": {},
          "type": "SecureObject"
        }
      },
      "triggers": {
        "Recorrencia": {
          "recurrence": {
            "frequency": "Hour",
            "interval": 1,
            "startTime": "2023-04-18T14:46:00Z"
          },
          "metadata": {
            "operationMetadataId": "3b7618f8-e06d-4952-b0f7-a9a93e33f33c"
          },
          "type": "Recurrence",
          "description": "O fluxo inicia automaticamente a cada 1 hora, configure conforme sua necessidade."
        }
      },
      "actions": {
        "Atualiza_o_Dataset_do_Power_BI": {
          "runAfter": {
            "Terminar_[Remover_esse_terminate_ao_utilizar]": [
              "Succeeded"
            ]
          },
          "metadata": {
            "operationMetadataId": "f12323ca-64a5-40c1-9a8f-0a19899ebad6"
          },
          "type": "OpenApiConnection",
          "inputs": {
            "host": {
              "connectionName": "shared_powerbi",
              "operationId": "RefreshDataset",
              "apiId": "/providers/Microsoft.PowerApps/apis/shared_powerbi"
            },
            "parameters": {
              "groupid": "Coloque aqui o workspace!",
              "datasetid": "Coloque aqui o Dataset!"
            },
            "authentication": "@parameters('$authentication')"
          },
          "description": "Atualiza o dataset do Power BI"
        },
        "Terminar_[Remover_esse_terminate_ao_utilizar]": {
          "runAfter": {},
          "metadata": {
            "operationMetadataId": "79c51a6d-2e04-4184-906d-252b2fdbbe3c"
          },
          "type": "Terminate",
          "inputs": {
            "runStatus": "Succeeded"
          },
          "description": "Remover esse terminate ao utilizar!"
        }
      }
    },
    "templateName": ""
  },
  "schemaVersion": "1.0.0.0"
}