{
  "properties": {
    "connectionReferences": {
      "shared_excelonlinebusiness_1": {
        "runtimeSource": "invoker",
        "connection": {
          "connectionReferenceLogicalName": "rchrd_sharedexcelonlinebusiness_69bb1"
        },
        "api": {
          "name": "shared_excelonlinebusiness"
        }
      },
      "shared_sharepointonline_1": {
        "runtimeSource": "invoker",
        "connection": {
          "connectionReferenceLogicalName": "rchrd_sharedsharepointonline_ec19a"
        },
        "api": {
          "name": "shared_sharepointonline"
        }
      }
    },
    "definition": {
      "$schema": "https://schema.management.azure.com/providers/Microsoft.Logic/schemas/2016-06-01/workflowdefinition.json#",
      "contentVersion": "1.0.0.0",
      "parameters": {
        "$connections": {
          "defaultValue": {},
          "type": "Object"
        },
        "$authentication": {
          "defaultValue": {},
          "type": "SecureObject"
        }
      },
      "triggers": {
        "manual": {
          "metadata": {
            "operationMetadataId": "06ab3aee-3faf-4152-b91d-b403200dbdaf"
          },
          "type": "Request",
          "kind": "Button",
          "inputs": {
            "schema": {
              "type": "object",
              "properties": {},
              "required": []
            }
          },
          "description": "Exclua esse trigger e o substitua pelo trigger: \"When an item is created or modified\" e o configure para a sua lista"
        }
      },
      "actions": {
        "Listar_Modelos_de_Marca_[Excel_Online]": {
          "runAfter": {
            "Pega_as_Tabelas_de_Identificação_[Recorrência]": [
              "Succeeded"
            ]
          },
          "metadata": {
            "operationMetadataId": "549a17f0-2ef8-42e8-9814-3a36bb87c236",
            "tableId": "@variables('vTables')[1]"
          },
          "type": "OpenApiConnection",
          "inputs": {
            "host": {
              "connectionName": "shared_excelonlinebusiness_1",
              "operationId": "GetItems",
              "apiId": "/providers/Microsoft.PowerApps/apis/shared_excelonlinebusiness"
            },
            "parameters": {
              "source": "Coloque o endereço do arquivo aqui!",
              "drive": "Coloque a pasta do documento aqui!",
              "file": "[Nome do arquivo aqui].xlsx",
              "table": "@variables('vTables')[1]"
            },
            "authentication": {
              "type": "Raw",
              "value": "@json(decodeBase64(triggerOutputs().headers['X-MS-APIM-Tokens']))['$ConnectionKey']"
            }
          },
          "description": "Pega as tabelas a partir do templade da Marca. ____________________________________________________ [É necessário colocar a 'Location' e o 'Document Library' e o nome do arquivo do novo template a ser utilizado]"
        },
        "Obter_Tabelas_do_Modelo_de_Marca_[Excel_Online]": {
          "runAfter": {
            "Armazenar_Tabelas_[Variável]": [
              "Succeeded"
            ]
          },
          "metadata": {
            "operationMetadataId": "370daa1a-f1a0-4c6a-a8b1-451a427fe052",
            "tableId": null
          },
          "type": "OpenApiConnection",
          "inputs": {
            "host": {
              "connectionName": "shared_excelonlinebusiness_1",
              "operationId": "GetTables",
              "apiId": "/providers/Microsoft.PowerApps/apis/shared_excelonlinebusiness"
            },
            "parameters": {
              "source": "Coloque o endereço do arquivo aqui!",
              "drive": "Coloque a pasta do documento aqui!",
              "file": "[Nome do arquivo aqui].xlsx"
            },
            "authentication": {
              "type": "Raw",
              "value": "@json(decodeBase64(triggerOutputs().headers['X-MS-APIM-Tokens']))['$ConnectionKey']"
            }
          },
          "description": "Pega as tabelas a partir do templade da Marca. ____________________________________________________ [É necessário colocar a 'Location' e o 'Document Library' e o nome do arquivo do novo template a ser utilizado]"
        },
        "Pega_as_Tabelas_de_Identificação_[Recorrência]": {
          "foreach": "@outputs('Obter_Tabelas_do_Modelo_de_Marca_[Excel_Online]')?['body/value']",
          "actions": {
            "Extrai_ID_da_Tabela": {
              "runAfter": {},
              "metadata": {
                "operationMetadataId": "d73aad6a-cd3e-4844-a4f5-1221e2b9b23d"
              },
              "type": "Compose",
              "inputs": "@items('Pega_as_Tabelas_de_Identificação_[Recorrência]')?['id']",
              "description": "Pega o ID da tabela"
            },
            "Anexar_tabela_de_ID_ao_array_vTables_[Variável]": {
              "runAfter": {
                "Extrai_ID_da_Tabela": [
                  "Succeeded"
                ]
              },
              "metadata": {
                "operationMetadataId": "457e3ba2-5c40-4006-b05e-121246c5cbca"
              },
              "type": "AppendToArrayVariable",
              "inputs": {
                "name": "vTables",
                "value": "@outputs('Extrai_ID_da_Tabela')"
              },
              "description": "Armazena o ID na variável de array \"vTables\""
            }
          },
          "runAfter": {
            "Obter_Tabelas_do_Modelo_de_Marca_[Excel_Online]": [
              "Succeeded"
            ]
          },
          "metadata": {
            "operationMetadataId": "2542312d-f380-4823-951b-68cd26f197ed"
          },
          "type": "Foreach",
          "description": "Recorrencia para pegar todos os ID's das tabelas e colocar em uma variável de Array"
        },
        "Armazenar_Tabelas_[Variável]": {
          "runAfter": {
            "Armazenar_Marca_[Variável]": [
              "Succeeded"
            ]
          },
          "metadata": {
            "operationMetadataId": "81c7c0c3-0b99-4973-b3d2-b4323a4fb856"
          },
          "type": "InitializeVariable",
          "inputs": {
            "variables": [
              {
                "name": "vTables",
                "type": "array"
              }
            ]
          },
          "description": "Variável Array para armazenar as tabelas"
        },
        "Listar_Modelos_de_Marca_da_Tabela_de_Concorrentes_[Excel_Online]": {
          "runAfter": {
            "Pega_as_Tabelas_de_Identificação_[Recorrência]": [
              "Succeeded"
            ]
          },
          "metadata": {
            "operationMetadataId": "549a17f0-2ef8-42e8-9814-3a36bb87c236",
            "tableId": "@variables('vTables')[2]"
          },
          "type": "OpenApiConnection",
          "inputs": {
            "host": {
              "connectionName": "shared_excelonlinebusiness_1",
              "operationId": "GetItems",
              "apiId": "/providers/Microsoft.PowerApps/apis/shared_excelonlinebusiness"
            },
            "parameters": {
              "source": "Coloque o endereço do arquivo aqui!",
              "drive": "Coloque a pasta do documento aqui!",
              "file": "[Nome do arquivo aqui].xlsx",
              "table": "@variables('vTables')[2]"
            },
            "authentication": {
              "type": "Raw",
              "value": "@json(decodeBase64(triggerOutputs().headers['X-MS-APIM-Tokens']))['$ConnectionKey']"
            }
          },
          "description": "Pega as tabelas a partir do templade da Marca. ____________________________________________________ [É necessário colocar a 'Location' e o 'Document Library' e o nome do arquivo do novo template a ser utilizado]"
        },
        "Converte_Lista_de_Marca_em_JSON": {
          "runAfter": {
            "Listar_Modelos_de_Marca_[Excel_Online]": [
              "Succeeded"
            ]
          },
          "metadata": {
            "operationMetadataId": "e08c2e19-7690-4976-90b9-132b10a47422"
          },
          "type": "ParseJson",
          "inputs": {
            "content": "@outputs('Listar_Modelos_de_Marca_[Excel_Online]')?['body/value']",
            "schema": {
              "type": "array",
              "items": {
                "type": "object",
                "properties": {
                  "@@odata.etag": {
                    "type": "string"
                  },
                  "ItemInternalId": {
                    "type": "string"
                  },
                  "COMPANY_ID": {
                    "type": "string"
                  },
                  "BRAND_ID": {
                    "type": "string"
                  },
                  "LOCALIZATION": {
                    "type": "string"
                  },
                  "WEBSITE": {
                    "type": "string"
                  },
                  "INSTAGRAM": {
                    "type": "string"
                  },
                  "FACEBOOK": {
                    "type": "string"
                  },
                  "TWITTER": {
                    "type": "string"
                  },
                  "LINKEDIN": {
                    "type": "string"
                  },
                  "TIKTOK": {
                    "type": "string"
                  },
                  "SNAPCHAT": {
                    "type": "string"
                  },
                  "YOUTUBE": {
                    "type": "string"
                  }
                },
                "required": [
                  "@@odata.etag",
                  "ItemInternalId",
                  "COMPANY_ID",
                  "BRAND_ID",
                  "LOCALIZATION",
                  "WEBSITE",
                  "INSTAGRAM",
                  "FACEBOOK",
                  "TWITTER",
                  "LINKEDIN",
                  "TIKTOK",
                  "SNAPCHAT",
                  "YOUTUBE"
                ]
              }
            }
          },
          "description": "Converte a listagem acima em JSON"
        },
        "Converte_Lista_de_Marca_da_Tabela_de_Concorrentes_em_JSON": {
          "runAfter": {
            "Listar_Modelos_de_Marca_da_Tabela_de_Concorrentes_[Excel_Online]": [
              "Succeeded"
            ]
          },
          "metadata": {
            "operationMetadataId": "6e356be8-9050-4449-bacd-d49acc0fcf88"
          },
          "type": "ParseJson",
          "inputs": {
            "content": "@outputs('Listar_Modelos_de_Marca_da_Tabela_de_Concorrentes_[Excel_Online]')?['body/value']",
            "schema": {
              "type": "array",
              "items": {
                "type": "object",
                "properties": {
                  "@@odata.etag": {
                    "type": "string"
                  },
                  "ItemInternalId": {
                    "type": "string"
                  },
                  "BRAND_ID": {
                    "type": "string"
                  },
                  "COMPETITOR_COMPANY_ID": {
                    "type": "string"
                  },
                  "COMPETITOR_BRAND_ID": {
                    "type": "string"
                  },
                  "COMPETITOR_WEBSITE": {
                    "type": "string"
                  },
                  "COMPETITOR_INSTAGRAM": {
                    "type": "string"
                  },
                  "COMPETITOR_FACEBOOK": {
                    "type": "string"
                  },
                  "COMPETITOR_TWITTER": {
                    "type": "string"
                  },
                  "COMPETITOR_LINKEDIN": {
                    "type": "string"
                  },
                  "COMPETITOR_TIKTOK": {
                    "type": "string"
                  },
                  "COMPETITOR_SNAPCHAT": {
                    "type": "string"
                  },
                  "COMPETITOR_YOUTUBE": {
                    "type": "string"
                  }
                },
                "required": [
                  "@@odata.etag",
                  "ItemInternalId",
                  "BRAND_ID",
                  "COMPETITOR_COMPANY_ID",
                  "COMPETITOR_BRAND_ID",
                  "COMPETITOR_WEBSITE",
                  "COMPETITOR_INSTAGRAM",
                  "COMPETITOR_FACEBOOK",
                  "COMPETITOR_TWITTER",
                  "COMPETITOR_LINKEDIN",
                  "COMPETITOR_TIKTOK",
                  "COMPETITOR_SNAPCHAT",
                  "COMPETITOR_YOUTUBE"
                ]
              }
            }
          },
          "description": "Converte a listagem acima em JSON"
        },
        "Seleciona_Saída_da_Lista_de_Marcas": {
          "runAfter": {
            "Converte_Lista_de_Marca_em_JSON": [
              "Succeeded"
            ]
          },
          "metadata": {
            "operationMetadataId": "1ba0abcd-ac96-4904-bf00-a737d69c66f1"
          },
          "type": "Select",
          "inputs": {
            "from": "@body('Converte_Lista_de_Marca_em_JSON')",
            "select": {
              "Company": "@item()['COMPANY_ID']",
              "Brand": "@item()['BRAND_ID']"
            }
          },
          "description": "Seleciona os campos indicados na aba MAP abaixo do JSON criado acima"
        },
        "Seleciona_Saída_da_Lista_de_Marcas_da_Tabela_de_Concorrentes": {
          "runAfter": {
            "Converte_Lista_de_Marca_da_Tabela_de_Concorrentes_em_JSON": [
              "Succeeded"
            ]
          },
          "metadata": {
            "operationMetadataId": "e75fa04f-d82b-4e7d-ae45-b7209b00a4c7"
          },
          "type": "Select",
          "inputs": {
            "from": "@body('Converte_Lista_de_Marca_da_Tabela_de_Concorrentes_em_JSON')",
            "select": {
              "Competitors": "@item()['COMPETITOR_BRAND_ID']",
              "Company": "@item()['BRAND_ID']"
            }
          },
          "description": "Seleciona os campos indicados na aba MAP abaixo do JSON criado acima"
        },
        "Remover_Todas_as_Matrizes_em_Branco": {
          "runAfter": {
            "Seleciona_Saída_da_Lista_de_Marcas": [
              "Succeeded"
            ]
          },
          "metadata": {
            "operationMetadataId": "d2623562-6f41-4a52-b8f4-91dedc1ee511"
          },
          "type": "Query",
          "inputs": {
            "from": "@body('Seleciona_Saída_da_Lista_de_Marcas')",
            "where": "@not(equals(item()['Company'], ''))"
          },
          "description": "Remove todas as linhas em branco do que foi selecionado acima"
        },
        "Remover_Todas_as_Matrizes_em_Branco_da_Tabela_de_Concorrentes": {
          "runAfter": {
            "Seleciona_Saída_da_Lista_de_Marcas_da_Tabela_de_Concorrentes": [
              "Succeeded"
            ]
          },
          "metadata": {
            "operationMetadataId": "5f3f6b06-4006-41a1-8c3f-da4605c340ae"
          },
          "type": "Query",
          "inputs": {
            "from": "@body('Seleciona_Saída_da_Lista_de_Marcas_da_Tabela_de_Concorrentes')",
            "where": "@not(equals(item()['Competitors'], ''))"
          },
          "description": "Remove todas as linhas em branco do que foi selecionado acima"
        },
        "Converte_a_Matriz_em_JSON": {
          "runAfter": {
            "Remover_Todas_as_Matrizes_em_Branco": [
              "Succeeded"
            ]
          },
          "metadata": {
            "operationMetadataId": "05eb1062-def5-4b81-bff8-4674e197531e"
          },
          "type": "ParseJson",
          "inputs": {
            "content": "@body('Remover_Todas_as_Matrizes_em_Branco')",
            "schema": {
              "type": "array",
              "items": {
                "type": "object",
                "properties": {
                  "Company": {
                    "type": "string"
                  },
                  "Brand": {
                    "type": "string"
                  }
                },
                "required": [
                  "Company",
                  "Brand"
                ]
              }
            }
          },
          "description": "Converte o array acima em JSON"
        },
        "Passa_por_Todos_os_Itens_do_JSON_[Recorrência]": {
          "foreach": "@body('Converte_a_Matriz_em_JSON')",
          "actions": {
            "Get_items": {
              "runAfter": {},
              "metadata": {
                "operationMetadataId": "c9efe151-30e0-4e9e-995d-2b2de3ce2445"
              },
              "type": "OpenApiConnection",
              "inputs": {
                "host": {
                  "connectionName": "shared_sharepointonline_1",
                  "operationId": "GetItems",
                  "apiId": "/providers/Microsoft.PowerApps/apis/shared_sharepointonline"
                },
                "parameters": {
                  "dataset": "@outputs('Item_Temporário')",
                  "table": "@outputs('Item_Temporário')",
                  "$filter": "Title eq '@{items('Passa_por_Todos_os_Itens_do_JSON_[Recorrência]')['Company']}'"
                },
                "authentication": {
                  "type": "Raw",
                  "value": "@json(decodeBase64(triggerOutputs().headers['X-MS-APIM-Tokens']))['$ConnectionKey']"
                }
              },
              "description": "Pega todos os itens do JSON [Necessário alterar o \"Site Adress\" e \"List Name\"]"
            },
            "Deleta_cada_item_do_JSON_[Recorrência]": {
              "foreach": "@outputs('Get_items')?['body/value']",
              "actions": {
                "Delete_item": {
                  "runAfter": {},
                  "metadata": {
                    "operationMetadataId": "b05b80e0-9b2d-468c-a471-6f97375c8cfc"
                  },
                  "type": "OpenApiConnection",
                  "inputs": {
                    "host": {
                      "connectionName": "shared_sharepointonline_1",
                      "operationId": "DeleteItem",
                      "apiId": "/providers/Microsoft.PowerApps/apis/shared_sharepointonline"
                    },
                    "parameters": {
                      "dataset": "@outputs('Item_Temporário')",
                      "table": "@outputs('Item_Temporário')",
                      "id": "@items('Deleta_cada_item_do_JSON_[Recorrência]')?['ID']"
                    },
                    "authentication": {
                      "type": "Raw",
                      "value": "@json(decodeBase64(triggerOutputs().headers['X-MS-APIM-Tokens']))['$ConnectionKey']"
                    }
                  },
                  "description": "Deleta cada item encontrado no sharepoint com o ID do item do JSON. __________________ [Necessário alterar o \"Site Adress\" e \"List Name\"]"
                }
              },
              "runAfter": {
                "Get_items": [
                  "Succeeded"
                ]
              },
              "metadata": {
                "operationMetadataId": "348520e9-cb85-4b14-85ba-f991f4a312e7"
              },
              "type": "Foreach",
              "description": "Passa por cada item do JSON"
            }
          },
          "runAfter": {
            "Converte_a_Matriz_em_JSON": [
              "Succeeded"
            ],
            "Converte_a_Matriz_da_Tabela_de_Concorrentes_em_JSON": [
              "Succeeded"
            ]
          },
          "metadata": {
            "operationMetadataId": "72c2d668-4847-49af-8c0a-3c3e46264f47"
          },
          "type": "Foreach",
          "description": "Passa por todos os itens do JSON"
        },
        "Converte_a_Matriz_da_Tabela_de_Concorrentes_em_JSON": {
          "runAfter": {
            "Remover_Todas_as_Matrizes_em_Branco_da_Tabela_de_Concorrentes": [
              "Succeeded"
            ]
          },
          "metadata": {
            "operationMetadataId": "ad12148d-8056-4be8-8b17-9a6515b3fe54"
          },
          "type": "ParseJson",
          "inputs": {
            "content": "@body('Remover_Todas_as_Matrizes_em_Branco_da_Tabela_de_Concorrentes')",
            "schema": {
              "type": "array",
              "items": {
                "type": "object",
                "properties": {
                  "Competitors": {
                    "type": "string"
                  },
                  "Company": {
                    "type": "string"
                  }
                },
                "required": [
                  "Competitors",
                  "Company"
                ]
              }
            }
          },
          "description": "Converte o array acima em JSON"
        },
        "Criar_Novo_Item_no_Sharepoint_[Recorrencia]": {
          "foreach": "@body('Converte_a_Matriz_em_JSON')",
          "actions": {
            "Cria_Novo_Item_na_Lista_de_Sharepoint": {
              "runAfter": {},
              "metadata": {
                "operationMetadataId": "0b7c4ec4-adaf-4bd4-a9d8-0487d28afef0"
              },
              "type": "OpenApiConnection",
              "inputs": {
                "host": {
                  "connectionName": "shared_sharepointonline_1",
                  "operationId": "PostItem",
                  "apiId": "/providers/Microsoft.PowerApps/apis/shared_sharepointonline"
                },
                "parameters": {
                  "dataset": "@outputs('Item_Temporário')",
                  "table": "@outputs('Item_Temporário')",
                  "item": "@outputs('Item_Temporário')"
                },
                "authentication": {
                  "type": "Raw",
                  "value": "@json(decodeBase64(triggerOutputs().headers['X-MS-APIM-Tokens']))['$ConnectionKey']"
                }
              },
              "description": "Cria um novo item no sharpoint [Necessário alterar o \"Site Adress\", \"List Name\" e \"Item\"]"
            }
          },
          "runAfter": {
            "Passa_por_Todos_os_Itens_do_JSON_[Recorrência]": [
              "Succeeded"
            ]
          },
          "metadata": {
            "operationMetadataId": "eb47e81e-c814-4c66-8c26-1a82dfcc5912"
          },
          "type": "Foreach",
          "description": "Recorrencia para cada item encontrado no JSON"
        },
        "Criar_Novo_Item_no_Sharepoint_da_Concorrencia_[Recorrencia]": {
          "foreach": "@body('Converte_a_Matriz_da_Tabela_de_Concorrentes_em_JSON')",
          "actions": {
            "Cria_Novo_Item_na_Lista_de_Sharepoint_da_Concorrencia": {
              "runAfter": {},
              "metadata": {
                "operationMetadataId": "a72a1057-acfa-4450-ad26-801e33c2c1ff"
              },
              "type": "OpenApiConnection",
              "inputs": {
                "host": {
                  "connectionName": "shared_sharepointonline_1",
                  "operationId": "PostItem",
                  "apiId": "/providers/Microsoft.PowerApps/apis/shared_sharepointonline"
                },
                "parameters": {
                  "dataset": "@outputs('Item_Temporário')",
                  "table": "@outputs('Item_Temporário')",
                  "item": "@outputs('Item_Temporário')"
                },
                "authentication": {
                  "type": "Raw",
                  "value": "@json(decodeBase64(triggerOutputs().headers['X-MS-APIM-Tokens']))['$ConnectionKey']"
                }
              },
              "description": "Cria um novo item no sharpoint [Necessário alterar o \"Site Adress\", \"List Name\" e \"Item\"]"
            }
          },
          "runAfter": {
            "Passa_por_Todos_os_Itens_do_JSON_[Recorrência]": [
              "Succeeded"
            ]
          },
          "metadata": {
            "operationMetadataId": "c8c263e6-885a-4f03-b0d0-c93b342f325c"
          },
          "type": "Foreach",
          "description": "Recorrencia para cada item encontrado no JSON da Concorrencia"
        },
        "Item_Temporário": {
          "runAfter": {},
          "metadata": {
            "operationMetadataId": "282b670f-704b-4884-b568-de8d6a463d6f"
          },
          "type": "Compose",
          "inputs": "@null",
          "description": "Item utilizado somente para salvar o template, por favor remover quando for utilizar e reconfigure os funcionalidades de sharepoint"
        },
        "Armazenar_Marca_[Variável]": {
          "runAfter": {
            "Item_Temporário": [
              "Succeeded"
            ]
          },
          "metadata": {
            "operationMetadataId": "dcd7e212-4312-4e1e-81c2-d13c9dc43573"
          },
          "type": "InitializeVariable",
          "inputs": {
            "variables": [
              {
                "name": "vBrand",
                "type": "string"
              }
            ]
          },
          "description": "Variável string para armazenar a Marca"
        }
      }
    },
    "templateName": ""
  },
  "schemaVersion": "1.0.0.0"
}