{
  "properties": {
    "connectionReferences": {
      "shared_sharepointonline": {
        "runtimeSource": "invoker",
        "connection": {
          "connectionReferenceLogicalName": "rchrd_sharedsharepointonline_ec19a"
        },
        "api": {
          "name": "shared_sharepointonline"
        }
      }
    },
    "definition": {
      "$schema": "https://schema.management.azure.com/providers/Microsoft.Logic/schemas/2016-06-01/workflowdefinition.json#",
      "contentVersion": "1.0.0.0",
      "parameters": {
        "$connections": {
          "defaultValue": {},
          "type": "Object"
        },
        "$authentication": {
          "defaultValue": {},
          "type": "SecureObject"
        }
      },
      "staticResults": {
        "Get_items0": {
          "status": "Succeeded",
          "outputs": {
            "statusCode": "OK",
            "headers": {}
          }
        }
      },
      "triggers": {
        "manual": {
          "metadata": {
            "operationMetadataId": "f6658c1b-f13f-4da1-a881-652a68246812"
          },
          "type": "Request",
          "kind": "PowerApp",
          "inputs": {
            "schema": {
              "type": "object",
              "properties": {
                "vUser_Value": {
                  "type": "string",
                  "description": "Enter initial value",
                  "x-ms-powerflows-param-ispartial": false
                }
              },
              "required": [
                "vUser_Value"
              ]
            }
          }
        }
      },
      "actions": {
        "Armazenar_Usuário_[Variável]": {
          "runAfter": {
            "Armazenar_Icone_da_Empresa_[Variável]": [
              "Succeeded"
            ]
          },
          "metadata": {
            "operationMetadataId": "a8fb08bd-a4e3-450a-90fb-18cb943c06f9"
          },
          "type": "InitializeVariable",
          "inputs": {
            "variables": [
              {
                "name": "vUser",
                "type": "string"
              }
            ]
          },
          "description": "Variável string para armazenar o usuário"
        },
        "Armazenar_Empresa_[Variável]": {
          "runAfter": {
            "Item_Temporário": [
              "Succeeded"
            ]
          },
          "metadata": {
            "operationMetadataId": "5ead7bf3-dc37-43d1-bfb4-675f597b16dd"
          },
          "type": "InitializeVariable",
          "inputs": {
            "variables": [
              {
                "name": "vCompanyName",
                "type": "string"
              }
            ]
          },
          "description": "Variável string para armazenar a Empresa"
        },
        "Armazenar_Nome_e_Icone_da_Empresa_[Recorrência]": {
          "foreach": "@outputs('Pagar_Itens_da_Lista_de_Sharepoint')?['body/value']",
          "actions": {
            "Guardar_Nome_da_Empresa_[Variável]": {
              "runAfter": {},
              "metadata": {
                "operationMetadataId": "bd3c1eac-fc65-4475-9c79-7cf4c89db394"
              },
              "type": "SetVariable",
              "inputs": {
                "name": "vCompanyName",
                "value": "@{items('Armazenar_Nome_e_Icone_da_Empresa_[Recorrência]')?['NomedaEmpresa']}"
              },
              "description": "Coloca na variável o nome da empresa encontrada"
            },
            "Guardar_Icone_da_Empresa_[Variável]": {
              "runAfter": {
                "Guardar_Nome_da_Empresa_[Variável]": [
                  "Succeeded"
                ]
              },
              "metadata": {
                "operationMetadataId": "52430ccd-a613-4f07-b955-e7ba0ba727a6"
              },
              "type": "SetVariable",
              "inputs": {
                "name": "vCompanyIcon",
                "value": "@{items('Armazenar_Nome_e_Icone_da_Empresa_[Recorrência]')?['LogoEmpresa']}"
              },
              "description": "Coloca na variável o logo da empresa encontrada"
            }
          },
          "runAfter": {
            "Pagar_Itens_da_Lista_de_Sharepoint": [
              "Succeeded"
            ]
          },
          "metadata": {
            "operationMetadataId": "3edc9380-43c2-466e-b0d0-d4bc94bfca78"
          },
          "type": "Foreach",
          "description": "Recorrencia para cada item encontrado"
        },
        "Responder_a_um_PowerApp_ou_fluxo": {
          "runAfter": {
            "Armazenar_Nome_e_Icone_da_Empresa_[Recorrência]": [
              "Succeeded"
            ]
          },
          "metadata": {
            "operationMetadataId": "c40015f1-d1b5-46f0-8f9c-f66cf2fa3c5e"
          },
          "type": "Response",
          "kind": "PowerApp",
          "inputs": {
            "statusCode": 200,
            "body": {
              "vcompanyname": "@variables('vCompanyName')",
              "vcompanyicon": "@variables('vCompanyIcon')"
            },
            "schema": {
              "type": "object",
              "properties": {
                "vcompanyname": {
                  "title": "vCompanyName",
                  "x-ms-dynamically-added": true,
                  "type": "string"
                },
                "vcompanyicon": {
                  "title": "vCompanyIcon",
                  "x-ms-dynamically-added": true,
                  "type": "string"
                }
              }
            }
          },
          "description": "Devolve para o APP as informações de nome e icone da empresa"
        },
        "Pagar_Itens_da_Lista_de_Sharepoint": {
          "runAfter": {
            "Armazenar_Usuário_[Variável]": [
              "Succeeded"
            ]
          },
          "metadata": {
            "operationMetadataId": "e68127c8-31e1-42e2-b6a5-65192efd75d1"
          },
          "type": "OpenApiConnection",
          "inputs": {
            "host": {
              "connectionName": "shared_sharepointonline",
              "operationId": "GetItems",
              "apiId": "/providers/Microsoft.PowerApps/apis/shared_sharepointonline"
            },
            "parameters": {
              "dataset": "@outputs('Item_Temporário')",
              "table": "@outputs('Item_Temporário')",
              "viewScopeOption": "Default",
              "$filter": "User eq '@{variables('vUser')}'",
              "$top": 1
            },
            "authentication": {
              "type": "Raw",
              "value": "@json(decodeBase64(triggerOutputs().headers['X-MS-APIM-Tokens']))['$ConnectionKey']"
            }
          },
          "description": "Pega os itens da lista de sharepoint em que a coluna User seja igual a variável vUser. _______ [Necessário alterar o \"Site Adress\" e \"List Name\"]",
          "runtimeConfiguration": {
            "staticResult": {
              "staticResultOptions": "Disabled",
              "name": "Get_items0"
            }
          }
        },
        "Armazenar_Icone_da_Empresa_[Variável]": {
          "runAfter": {
            "Armazenar_Empresa_[Variável]": [
              "Succeeded"
            ]
          },
          "metadata": {
            "operationMetadataId": "40b2e2b7-9acb-49fd-baad-f05fad87fe11"
          },
          "type": "InitializeVariable",
          "inputs": {
            "variables": [
              {
                "name": "vCompanyIcon",
                "type": "string"
              }
            ]
          },
          "description": "Variável string para armazenar o icone da empresa"
        },
        "Item_Temporário": {
          "runAfter": {},
          "metadata": {
            "operationMetadataId": "282b670f-704b-4884-b568-de8d6a463d6f"
          },
          "type": "Compose",
          "inputs": "@null",
          "description": "Item utilizado somente para salvar o template, por favor remover quando for utilizar e reconfigure os funcionalidades de sharepoint"
        }
      }
    },
    "templateName": ""
  },
  "schemaVersion": "1.0.0.0"
}