{
  "properties": {
    "connectionReferences": {
      "shared_powerbi_2": {
        "runtimeSource": "embedded",
        "connection": {
          "connectionReferenceLogicalName": "rchrd_sharedpowerbi_10e6d"
        },
        "api": {
          "name": "shared_powerbi"
        }
      }
    },
    "definition": {
      "$schema": "https://schema.management.azure.com/providers/Microsoft.Logic/schemas/2016-06-01/workflowdefinition.json#",
      "contentVersion": "1.0.0.0",
      "parameters": {
        "$connections": {
          "defaultValue": {},
          "type": "Object"
        },
        "$authentication": {
          "defaultValue": {},
          "type": "SecureObject"
        }
      },
      "triggers": {
        "manual": {
          "metadata": {
            "operationMetadataId": "d060151b-317d-498e-918e-e5b34a002346"
          },
          "type": "Request",
          "kind": "Button",
          "inputs": {
            "schema": {
              "type": "object",
              "properties": {},
              "required": []
            }
          },
          "description": "Exclua esse trigger e o substitua pelo trigger: \"When an item is created or modified\" e o configure para a sua lista"
        }
      },
      "actions": {
        "Atualiza_o_Dataset_do_Power_BI": {
          "runAfter": {},
          "metadata": {
            "operationMetadataId": "384748b4-a637-4b95-9d1e-51dbefa6250b"
          },
          "type": "OpenApiConnection",
          "inputs": {
            "host": {
              "connectionName": "shared_powerbi_2",
              "operationId": "RefreshDataset",
              "apiId": "/providers/Microsoft.PowerApps/apis/shared_powerbi"
            },
            "parameters": {
              "groupid": "Coloque o workspace aqui!",
              "datasetid": "Coloque o dataset aqui!"
            },
            "authentication": {
              "type": "Raw",
              "value": "@json(decodeBase64(triggerOutputs().headers['X-MS-APIM-Tokens']))['$ConnectionKey']"
            }
          },
          "description": "Atualiza o dataset do Power BI"
        }
      }
    },
    "templateName": ""
  },
  "schemaVersion": "1.0.0.0"
}